sender_handle,message,timestamp
fan,Hi! I'm a huge fan of your art.,2024-01-01 10:53:00
creator,Thank you! Always happy to hear from fans. ðŸ˜Š,2024-01-01 10:54:00
fan,Your recent landscape paintings are stunning. What inspires you?,2024-01-01 10:55:00
creator,Nature is my biggest inspiration. I love capturing the beauty of the outdoors.,2024-01-01 10:56:00
fan,That's awesome! I've always wanted to try painting.,2024-01-01 10:57:00
creator,You should give it a try! Art is a great way to express yourself.,2024-01-01 10:58:00
fan,Thanks for the encouragement. I might start with watercolors.,2024-01-01 10:59:00
creator,That's a great choice. Feel free to share your work with me!,2024-01-01 11:00:00
fan,Will do. Thanks again!,2024-01-01 11:01:00
fan,"Actually, I have a question about color mixing.",2024-01-01 11:02:00
fan,How do you create such vibrant greens in your landscapes?,2024-01-01 11:03:00
creator,Great question! I mix different shades of blue and yellow to get the right green.,2024-01-01 11:04:00
creator,"Also, adding a bit of white can help lighten the tone if needed.",2024-01-01 11:05:00
fan,"That's really helpful, thanks! I'll try that.",2024-01-01 11:06:00
creator,No problem! Always happy to help a fellow art enthusiast.,2024-01-01 11:07:00
creator,Do you have any other questions?,2024-01-01 11:08:00
fan,Not right now. But I'll definitely reach out if something comes up.,2024-01-01 11:09:00
fan,Thanks again for all the advice!,2024-01-01 11:10:00
fan,"I've always been curious, what got you started in art?",2024-01-01 11:11:00
creator,I've loved drawing since I was a kid. It was always my way of expressing myself.,2024-01-01 11:12:00
creator,"Over time, I just kept at it and started experimenting with different mediums.",2024-01-01 11:13:00
fan,That's really inspiring. I've always struggled to stick with one hobby.,2024-01-01 11:14:00
creator,"It's all about finding what you love. Art is my passion, but it took a lot of exploration to understand that.",2024-01-01 11:15:00
fan,What would you say is your favorite medium to work with?,2024-01-01 11:16:00
creator,I love working with acrylics. They're versatile and the colors come out so vibrant.,2024-01-01 11:17:00
fan,I've never tried acrylics. I usually stick to pencil sketches.,2024-01-01 11:18:00
creator,Pencil sketches are a great start. Have you thought about exploring other mediums?,2024-01-01 11:19:00
fan,"I have, but it's a bit intimidating. Any suggestions for beginners?",2024-01-01 11:20:00
creator,Watercolors are a good transition. They're quite forgiving and fun to play with.,2024-01-01 11:21:00
fan,Thanks for the tip! I'll give it a try.,2024-01-01 11:22:00
creator,No problem! Feel free to reach out if you have any questions.,2024-01-01 11:23:00
fan,Will do. Thanks for the chat!,2024-01-01 11:24:00
creator,Anytime! Keep creating and have fun with it.,2024-01-01 11:25:00
fan,"I was wondering, who are your artistic inspirations?",2024-01-01 11:34:00
creator,"I draw a lot of inspiration from nature, but in terms of artists, I really admire Van Gogh's work.",2024-01-01 11:43:00
creator,His use of color and emotion in paintings is just incredible.,2024-01-01 11:52:00
fan,"Absolutely, his Starry Night has always been a favorite of mine.",2024-01-01 12:01:00
fan,Do you incorporate any of his techniques into your work?,2024-01-01 12:10:00
creator,"I do, especially his bold brush strokes and vibrant color palettes.",2024-01-01 12:19:00
creator,"Sometimes, I like to experiment with different styles, blending classical and modern approaches.",2024-01-01 12:28:00
fan,That sounds like a unique approach. Iâ€™d love to see some of your work inspired by Van Gogh.,2024-01-01 12:37:00
creator,I'll be sure to share some in my next post!,2024-01-01 12:46:00
creator,"Also, I'm planning a live painting session next week. It might be interesting for you.",2024-01-01 12:55:00
fan,That sounds amazing! Where can I find the details?,2024-01-01 13:04:00
creator,I'll post all the details on my social media and website. Make sure to check them out!,2024-01-01 13:13:00
fan,I definitely will. Thanks for the heads up!,2024-01-01 13:22:00
creator,No problem! Looking forward to seeing you there.,2024-01-01 13:31:00
fan,Me too. Thanks for the great conversation!,2024-01-01 13:40:00
fan,Do you have any exhibitions coming up?,2024-01-01 13:49:00
creator,"Yes, I'm participating in a local art fair next month.",2024-01-01 13:58:00
creator,It's a great opportunity to showcase some of my latest works.,2024-01-01 14:07:00
fan,That's exciting! Where will it be held?,2024-01-01 14:16:00
creator,It's at the downtown arts center. I'll be posting more details soon.,2024-01-01 14:25:00
fan,I'll make sure to drop by. It would be great to see your paintings in person.,2024-01-01 14:34:00
creator,That would be wonderful. I look forward to meeting you.,2024-01-01 14:43:00
fan,Meeting you in person would be a dream!,2024-01-01 14:52:00
fan,"Also, do you sell prints of your work?",2024-01-01 15:01:00
creator,I do. You can find them on my website.,2024-01-01 15:10:00
creator,I have prints of various sizes available.,2024-01-01 15:19:00
fan,Great! I'll check them out. I'd love to have one of your works.,2024-01-01 15:28:00
creator,Thank you so much! Your support means a lot to me.,2024-01-01 15:37:00
fan,Your art brings so much joy and inspiration.,2024-01-01 15:46:00
creator,Hearing that is the best reward.,2024-01-01 15:55:00
creator,Do you also attend art classes?,2024-01-01 16:04:00
fan,"Yes, I've started taking some beginner classes.",2024-01-01 16:13:00
fan,I'm still exploring different styles and techniques.,2024-01-01 16:22:00
creator,That's the best way to learn. Keep experimenting.,2024-01-01 16:31:00
creator,"Feel free to share your work with me, I'd love to see it.",2024-01-01 16:40:00
fan,I will! Once I create something I'm proud of.,2024-01-01 16:49:00
creator,"Remember, every artist starts somewhere. Don't be too hard on yourself.",2024-01-01 16:58:00
fan,Thanks for the encouragement. It means a lot.,2024-01-01 17:07:00
creator,Of course! We artists need to support each other.,2024-01-01 17:16:00
fan,Absolutely! It's been great talking to you.,2024-01-01 17:25:00
creator,Likewise! Feel free to reach out anytime.,2024-01-01 17:34:00
fan,Will do. Have a great day!,2024-01-01 17:43:00
creator,You too! Keep creating and stay inspired.,2024-01-01 17:52:00
fan,I definitely will. Bye for now!,2024-01-01 18:01:00
creator,Goodbye!,2024-01-01 18:10:00
fan,I was thinking about trying oil painting. Any advice for a beginner?,2024-01-01 18:19:00
creator,Oil painting is great for blending and texture. Just be patient as it dries slowly.,2024-01-01 18:28:00
fan,"Patience is not my strong suit, but I'm willing to try!",2024-01-01 18:37:00
creator,That's the spirit! Start with small canvases to practice.,2024-01-01 18:46:00
fan,I'll do that. Thanks for the tip!,2024-01-01 18:55:00
creator,"Of course! And remember, it's okay to make mistakes.",2024-01-01 19:04:00
fan,"I'll keep that in mind. Experimentation is part of the process, right?",2024-01-01 19:13:00
creator,Exactly! Art is all about exploring and finding your style.,2024-01-01 19:22:00
creator,"Speaking of style, have you found any art style you're particularly drawn to?",2024-01-01 19:31:00
fan,I'm quite fascinated by impressionism. The way they capture light is amazing.,2024-01-01 19:40:00
creator,Impressionism is indeed captivating. The use of light and color can create such dynamic scenes.,2024-01-01 19:49:00
fan,"Yes, and the brushwork is something else!",2024-01-01 19:58:00
creator,True. It's quite a unique and expressive style.,2024-01-01 20:07:00
fan,I hope to develop a style of my own someday.,2024-01-01 20:16:00
creator,You will! Just keep practicing and exploring.,2024-01-01 20:25:00
creator,"By the way, are there any art galleries you particularly enjoy?",2024-01-01 20:34:00
fan,There's a small gallery near my place that I love. It features local artists.,2024-01-01 20:43:00
creator,Supporting local artists is so important. Glad to hear you have a place like that.,2024-01-01 20:52:00
fan,Absolutely. It's a great community of artists and art lovers.,2024-01-01 21:01:00
creator,"Communities like that are invaluable, especially for emerging artists.",2024-01-01 21:10:00
fan,True. It's inspiring to see and meet artists at different stages in their careers.,2024-01-01 21:19:00
creator,"Definitely. It's a journey, and every stage has its own beauty.",2024-01-01 21:28:00
fan,"Speaking of journeys, what's been the most challenging part of yours?",2024-01-01 21:37:00
creator,Balancing creativity with the business side of art can be tough.,2024-01-01 21:46:00
creator,But it's all worth it when I see people enjoying my work.,2024-01-01 21:55:00
fan,I can imagine. Your dedication really shows in your art.,2024-01-01 22:04:00
creator,"Thank you, that means a lot to me.",2024-01-01 22:13:00
fan,You're welcome! I'm glad we had this chat.,2024-01-01 22:22:00
creator,Me too. It's been great talking to you.,2024-01-01 22:31:00
fan,Likewise. I'll catch up with you later!,2024-01-01 22:40:00
fan,I've been thinking about visiting some famous art museums. Any recommendations?,2024-01-01 22:49:00
creator,Definitely visit the Louvre if you can. It's a classic.,2024-01-01 22:58:00
creator,"Also, the Museum of Modern Art in New York is fantastic.",2024-01-01 23:07:00
creator,"And if you're ever in London, the Tate Modern is a must-see.",2024-01-01 23:16:00
fan,Those sound amazing. I'll add them to my list.,2024-01-01 23:25:00
fan,Have you been to any of these yourself?,2024-01-01 23:34:00
creator,I've been to all three. Each offers a unique experience.,2024-01-01 23:43:00
creator,"The Louvre, for example, is just breathtaking.",2024-01-01 23:52:00
creator,The scale and diversity of art there is incredible.,2024-01-02 00:01:00
fan,I can only imagine. It must be inspiring to see those masterpieces in person.,2024-01-02 00:10:00
fan,"By the way, do you take commissions?",2024-01-02 00:19:00
creator,I do take commissions. What were you thinking?,2024-01-02 00:28:00
fan,I'd love a custom painting. Something to capture the essence of my hometown.,2024-01-02 00:37:00
creator,That sounds like a beautiful project. I'd be honored to work on it.,2024-01-02 00:46:00
creator,"Could you tell me more about your hometown? The landscape, the colors, the mood?",2024-01-02 00:55:00
fan,"It's a small coastal town. Lots of blues and greens, very serene.",2024-01-02 01:04:00
fan,I can send you some photos for inspiration.,2024-01-02 01:13:00
creator,Photos would be great. They'll help me capture the essence more accurately.,2024-01-02 01:22:00
fan,I'll send them over then. Thanks!,2024-01-02 01:31:00
creator,You're welcome! I'm excited to start on this.,2024-01-02 01:40:00
fan,Me too. I'm sure it'll be amazing.,2024-01-02 01:49:00
fan,I'll let you go for now. Need to gather those photos.,2024-01-02 01:58:00
creator,Take your time. I'll be here when you're ready.,2024-01-02 02:07:00
fan,Thanks. Talk soon!,2024-01-02 02:16:00
creator,Looking forward to it. Have a great day!,2024-01-02 02:25:00
fan,You too!,2024-01-02 02:34:00
creator,"Remember, any questions, just ask.",2024-01-02 02:43:00
fan,Will do. Bye!,2024-01-02 02:52:00
creator,Goodbye!,2024-01-02 03:01:00
